{
  "accuracy": 8.0,
  "classification_report": {
    "drums": {
      "precision": 0.08,
      "recall": 0.5,
      "f1-score": 0.13793103448275862,
      "support": 8.0
    },
    "guitar": {
      "precision": 0.0,
      "recall": 0.0,
      "f1-score": 0.0,
      "support": 11.0
    },
    "left": {
      "precision": 0.0,
      "recall": 0.0,
      "f1-score": 0.0,
      "support": 9.0
    },
    "no": {
      "precision": 0.0,
      "recall": 0.0,
      "f1-score": 0.0,
      "support": 7.0
    },
    "piano": {
      "precision": 0.0,
      "recall": 0.0,
      "f1-score": 0.0,
      "support": 13.0
    },
    "right": {
      "precision": 0.0,
      "recall": 0.0,
      "f1-score": 0.0,
      "support": 12.0
    },
    "three": {
      "precision": 0.08163265306122448,
      "recall": 0.36363636363636365,
      "f1-score": 0.13333333333333333,
      "support": 11.0
    },
    "two": {
      "precision": 0.0,
      "recall": 0.0,
      "f1-score": 0.0,
      "support": 8.0
    },
    "violin": {
      "precision": 0.0,
      "recall": 0.0,
      "f1-score": 0.0,
      "support": 11.0
    },
    "yes": {
      "precision": 0.0,
      "recall": 0.0,
      "f1-score": 0.0,
      "support": 10.0
    },
    "accuracy": 0.08,
    "macro avg": {
      "precision": 0.01616326530612245,
      "recall": 0.08636363636363636,
      "f1-score": 0.027126436781609198,
      "support": 100.0
    },
    "weighted avg": {
      "precision": 0.015379591836734692,
      "recall": 0.08,
      "f1-score": 0.025701149425287353,
      "support": 100.0
    }
  }
}